000008,wCurrNumToVramQueue,
00000A,wCurrRoomSectionPlayerPosAndScreenAddr,
00000C,wDoubleCurrGroup,
00000D,wDoubleCurrSection,	
00000E,wDoubleCurrRoomIdx,	
00000F,wRoomSectionChrBanksDataOffset,	
000010,wCurrDrawnEntityCachedAttr,	
000011,wCollisionPointYinScreen,
000012,wCollisionPointXvalDiv32,
000013,wCollisionPointAbsoluteXInRoom,	
000014,wCollisionPointAbsoluteXRoom,
000015,w015,							
000016,wCoreLoadingFuncAddr, 			
000018,wGameState, 						
000019,wGameSubstate,											
00001A,wGameStateLoopCounter, 									
00001B,wIsExecutingNMIVector, 									
00001C,wCounterUntilCanShowSprBg, 								
00001D,wVramQueueNextIdxToFill, 								
00001F,wRandomVal, 												
000020,wCurrFrameStartingOamOffset, 							
000021,wPrgBank_8000, 											
000022,wPrgBankBkup_8000, 										
000023,wPrgBankBkup2_8000, 										
000024,wIsExecutingSoundFunc, 									
000025,wNametableMapping, 										
000026,wJoy1NewButtonsPressed, 									
000027,wJoy2NewButtonsPressed, 									
000028,wJoy1ButtonsPressed, 									
000029,wJoy2ButtonsPressed, 									
00002A,wInGameSubstate, 										
00002B,wIsPaused, 												
00002C,wCinematicsControllerBossDefeated, 									
00002E,wCheckpoint, 
00002F,wGrantDefeated, 												
000030,wGenericStateTimer,										
000032,wCurrRoomGroupStage, 											
000033,wCurrRoomSectionBlock, 										
000034,wCurrRoomIdx, 											
000035,wCurrLivesLeft, 											
000036,wCurrScore, 												
000039,wUsableChars,
00003A,wPartnerIdx,  											
00003B,wCurrCharacterIdx, 										
00003C,wPlayerHealth,											
00003D,wBossHealth, 											
00003E,wScore4ExtraLive, 													
00003F,wBaseIRQFuncIdx, 										
000040,wBaseIRQStatus, 											
000041,wBaseIRQCmpVal, 											
000042,wScannlineTarget, 													
000043,wBaseIRQScanlineCmpVal, 									
000044,wIRQFuncAddr, 											
000046,wChrBankSpr_0000, 										
000047,wChrBankSpr_0400, 										
000048,wChrBankSpr_0800, 										
000049,wChrBankSpr_0c00, 										
00004A,wChrBankBG_0000, 										
00004B,wChrBankBG_0400, 										
00004C,wChrBankBG_0800, 										
00004D,wChrBankBG_0c00, 										
00004E,wChrBankSecondQuest_1400, 																							
000050,wRoomMetaTilesAddrStart, 										
000052,RoomMetaTilesAddrLeft,
000054,RoomMetaTilesAddrRight,													
000056,wCurrScrollOffsetIntoRoomScreen, 						
000057,wCurrScrollRoomScreen, 									
000058,wCurrScrollRoomScreenSub,													
00005D,wCurrRoomGroupMetaTileTilesPointer, 							
00005F,wCurrRoomGroupMetaTilePalettesPointer, 							
000061,wVramQueueDest, 											
000063,wCurrMetatileID,											
000064,wTranitionTimer, 
000065,wScrollDirection, 																										
000068,wRoomOrientation, 									
000069,wCurrRoomStairsDataAddr, 								
00006B,wMenuOptionIdxSelected, 																		
00006C,wCurrEntityIdxBeingProcessed, 							
00006D,wIRQFuncDrawIdx, 											
00006E,wViewSpeed,													
00006F,wGameplayScrollXWithinRoom, 								
000070,wGameplayScrollXRoom, 									
000071,wSizeCurrRoomNumScreens, 									
000072,wFrameStartChrBankOverrideIdx,							
000073,wPrevRoomOrientation, 									
000074,wMusicLoaded,   													
000076,wCurrRoomXQuarterSpawner, 										
000077,wFirstSpawnerBlock,	
00007D,wCurrentRoomEffect, 												
00007E,wCurrTimeLeft, 											
000080,wHurtInvincibilityFrames,
000081,wHurtInvincibilityEffect,	
000082,wPlayerHight,											
000084,wNumHearts,												
000085,wCurrSubweapon, 											
000086,wCurrSubweaponPartner,
000087,wSubWeaponMultiplier,
000088,wSubWeaponMultiplierPartner,													
00008B,wConveyaerRoomEffect, 
00008C,wWhipSparkTimer, 
00008D,wRoomInitialized, 
00008E,wTrevorWhipLevel,
00008F,wPartnerWeaponLevel,
000090,wKnockBackDirrection,
000091,wConveyorRelated,
000093,wCogProximity,
000094,wCogID,
000095,wCogSize,
000096,wTerrainPresent,
000098,wCurrRoomEntityDataAddrSpawner, 
00009A,wCurrRoomTerrainDataAddr, 
0000A0,wPlayerDirectionBackup, 
0000A1,wPlayerDirectionBackup2, 
0000A3,wFrameCounter,
0000A4,wMapTransitionCheckpoint,																					
0000A5,wCollisionValIsForRightHalfOf32x16block, 
0000A6,wPartnerSwapDrawingBackup,	
0000A7,wPartnerSwapDrawingIRQPointer,
0000A9,wPartnerSwapDrawingLatch,
0000AA,wPartnerSwapStateBackup,	
0000AB,wStopWatchActive, 	
0000AC,wStopWatchTimer, 
0000AD,wPotionTimer, 	
0000AE,wAlucardBatTimer, 
0000AF,wDelayElevators,
0000B0,wLoadCHRbeforeSwap,										 			
0000B1,wStaticLayoutBank, 
0000B2,wRosseryFlashTimer,
0000B3,wBridgeTimer, 	
0000B6,wVerticleRoomTileCounter,
0000B7,wPowerUpDrop,	
0000B8,wPlatformIDFrozenEnemy,	
0000B9,wTimerDropClunk,	
0000BA,wBossSpecialHitbox,	
0000BB,wBossMeleeHitbox,
0000BC,wBossDopplegangerHitbox,	
0000BD,wBossDragonKingHP,
0000BE,wBossDragonMisc,	
0000BF,wDeathDelay,	
0000C0,wFloodStop,
0000C1,wBossObject,	
0000C2,wBossSecondFace,	
0000C3,wBossSpawner,	
0000C4,wDisablePlayer,	
0000C6,wAutoWalkPlayer,	
0000C8,wHorizontalScrollLockBridge, 	
0000CA,wFloodHight,	
0000CE,wSubweaponKillCount,	
0000CF,wPreviousConveyanceBackup88,									 			
0000D0,wHighestTileToCheckForCollisionsInVertRoom,	
0000D2,wCogwheelIDbackup,
0000D3,wGrantCurrentYpos,				
0000D4,wCogwheelID,													
0000E0,wCurrInstrumentDataAddr, 								
0000E2,wSoundBankJumpAddr,					 					
0000E4,wSoundBankTempVar1, 										
0000E5,wSoundBankTempVar2, 										
0000E6,wTempCurrInstrumentDataAddr, 							
0000E8,wSoundMetadataAddr, 										
0000EA,wSoundNumInstrumentsMinus1, 								
0000EB,wSoundDataBank, 											
0000EC,wSoundFrequency, 										
0000EE,wCurrInstrumentIdx, 										
0000EF,wSoundToPlay, 											
0000F0,w0f0,									 				
0000F8,wJoy1NewButtonsPressed2, 								
0000F9,wJoy2NewButtonsPressed2,									
0000FA,wJoy1ButtonsPressed2, 									
0000FB,wJoy2ButtonsPressed2, 									
0000FC,wScrollY,												
0000FD,wScrollX, 												
0000FE,wPPUMask, 												
0000FF,wPPUCtrl, 												
000100,wInstrumentsFramesUntilNextByteProcessed, 				
000107,wInstrumentsSoundIdxes, 									
00010E,wInstrumentsSpeedCtrler_todo, 							
000115,wSoundControlByte, 										
00011C,wSoundCtrsForLastLoop, 									
000123,wInstrumentData_lo, 										
00012A,wInstrumentData_hi, 										
000131,wLoopToAddr_lo, 											
000138,wLoopToAddr_hi, 											
00013F,wAudioChannelCodaAddressLowByte,	
000146,wAudioChannelCodaAddressHighByte,												
00014D,wInstrumentLastFreq_hi, 									
000154,wAudioChannelVolum,													
000167,wPauseSoundPlayed, 										
00016E,wAudioChannelAttributesDuty, 							   												
000173,wInstrumentFrequencyAdjust, 								
000178,wInstrumentLastFreq_lo, 									
00017D,wOctaveIncreasedBy5minusThis, 							
000183,wInstrumentFrequency_lo, 								
000186,wInstrumentFrequency_hi, 								
000189,wInstrumentEnvelope1Idx, 								
00018C,wCurrInstrumentHwRegOffset, 								
00018D,wSoundCounterForGlobalDelayFrames, 						
00018E,wSoundGlobalDelayFrames,									
00018F,wSoundShouldSkipDecDelayBytes, 							
000190,wAudioSFXSquareSweep,													
000192,wCurrentlyPlayingDMCSoundIdx, 							
000193,wAudioTriangleStaccatoTimer,													
000195,wInstrumentDataBanks, 									
00019C,wAudioSFXSquare1SweepWriteTo4001,		    										
0001FF,wStackEnd,												
000200,wOam, 	
000300,wVramQueue,  																								
0003C0,wAudioChannelVolumeEnvelopeDuration,
0003C3,wAudioChannelVolumeEnvelopePosition,
0003C6,wAudioChannelVolumeEnvelopeLoopCount,
0003C9,wAudioChannelVolumeEnvelopeLoopPoint,
0003CC,wAudioChannelFadeoutPoint,
0003CF,wAudioChannelVolumeEnvelope, 
0003D2,wAudioChannelNextFadeDuration,
0003D5,wAudioChannelFadeDuration,
0003D8,wAudioChannelAlternateDutyCycle,
0003DB,wAudioChannelNextPitchbendDuration,
0003DE,wAudioChannelPitchbendDuration, 							
0003E1,wAudioChannelSweepRate,													
0003E4,w3e4,													
000400,wOamSpecIdxDoubled, 										
00041C,wEntityYPos,											
000438,wEntityXPos, 											
000454,wEntityPaletteOverride,									
000470,wEntityState, 											
00048C,wEntityOamSpecGroupDoubled, 								
0004A8,wEntityFacingLeft,										
0004C4,wEntityFractionalX,										
0004DB,wEntityFractionalY,										
0004F2,wEntityXposSpeed, 										
000509,wEntityXposSubSpeed, 									
000520,wEntityYposSpeed, 										
000537,wEntityYposSubSpeed, 																				
00054E,wEntityObjectIdxes, 										
000565,wPlayerStateDoubled, 																						
00057C,wEntityTimeUntilNextAnimation, 																				
000593,wEntityOamSpecIdxBaseOffset, 																				
0005AA,wEntityAnimationDefIdxInSpecGroup, 						
0005C1,wEntityPhase, 										
0005D8,w5d8,
0005E5,wCandleDrop,  
0005EB,wStairsStuneTimer,  												
0005EF,wEntityAI_idx, 	
0005F0,wAIClassDeterminesBehavior, 
000602,wTimerBatRiverSwap, 										
000606,wEntityAlarmOrStartYforSinusoidalMovement, 
00061A,wSubweaponDamageMultikillCount, 			 	
00061D,wPixelsToWalkToStairs, 
00061E,wMiscellaneousTicker,
000630,wWeaponDamage,
000631,wSubweaponDeflection,
000633,wEntityGenericCounter,
000634,wMiscellaneous,
000646,wSpawnerIndex,
000658,wNPCDamage,
000664,wCandleActive,
00066A,wApplied,Effect,
00067B,wNPCHitpoints,
00068E,wWeaponsImpact,									
0006A0,wInstrumentEnvelopeLoopToIdx, 							
0006A3,wInstrumentsCurrEnvelopeInUse, 							
0006A6,wInstrumentsEnvelopeIdx, 								
0006A9,wInstrumentsCurrEnvelopeLoops, 							
0006C8,wTimeSpecialDMCSoundPlayed, 								
0006E0,wCurrCollisionMapValues90, 									
000770,wCurrChrBanksTileCollisionTypeOffsets, 	
000778,wCHR6TileSolidsDefine, 	 			
000780,wSoundModeSongSelected, 	
000781,wBGanimationTimer, 	
000782,wFogParallelPos, 
000784,wEffectSpeedGeneral,	
000785,wEffectSpeedSupGeneral,	
000786,wPWiconGeneral,	
000788,wPWdumpGeneral,	
00078A,wEpilogTimer,	
0007B1,wStackedBreakableWall,
0007B3,wLowerBlockBroken,
0007B5,wUpperBlockBroken,
0007B7,wWallID,				
0007C2,wSpawnerID, 												
0007C8,wSpawner_var7c8, 										
0007CE,wSpawner_var7ce,											
0007D4,wSpawnerYCoord, 											
0007DA,wSpawnerXCoord, 											
0007E0,wSpawnerOffScreenStatus, 								
0007E6,wSpawner_var7e6, 
0007EC,wBoneDragonKingRipsBossGeneral, 										
0007F6,wHardMode, 												
0007F7,w7f7,   													
008000,bank_80,
008001,loadPlayerCHRBank,
00800F,playerCHRBankdata,
008013,getCurrRoomsChrBanks,
008066,roomCHRbanks,
008084,chrGroup00,
008094,chrGroup01,
0080B7,chrGroup02,
0080C0,chrGroup03,
0080D4,chrGroup04,
0080E0,chrGroup05,
0080F0,chrGroup06,
0080FC,chrGroup07,
008118,chrGroup08,
00812C,chrGroup09,
008134,chrGroup0a,
008150,chrGroup0b,
00815C,chrGroup0c,
008168,chrGroup0d,
008178,chrGroup0e,
008184,chrGroupData00,
008187,chrGroupData01,
008193,chrGroupData02,
008199,chrGroupData03,
0085C9,paletteData,
0085CD,groupPalettePointerList,
0085ED,palettePointerGroup00,
0085FD,palettePointerGroup01,
008615,palettePointerGroup02,
008629,palettePointerGroup03,
00863D,palettePointerGroup04,
008649,palettePointerGroup05,
008659,palettePointerGroup06,
008665,palettePointerGroup07,
008681,palettePointerGroup08,
008695,palettePointerGroup09,
00869D,palettePointerGroup0a,
0086B9,palettePointerGroup0b,
0086C5,palettePointerGroup0c,
0086D1,palettePointerGroup0d,
0086E1,palettePointerGroup0e,
0086ED,palettePointerGroup0f,
0086EF,palettePointerGroup10,
008766,PAL_09,
008982,PAL_sprite_trevor,
008995,PAL_sprite_grant,
0089A8,PAL_sprite_sympha,
0089BB,PAL_sprite_alucart,
0092E3,afterBoss_gameState,
0092E4,afterBoss_subState,
0092E5,afterBoss_Room,
0098E4,group_layout,
0099B4,PAL_0e,
0099FE,PAL_0f,
009A0D,PAL_11,
009A1C,PAL_10,
009A2B,PAL_12,
009A99,PAL_20,
009B25,PAL_05,
009B2C,PAL_06,
009B33,PAL_01,
009B43,PAL_00,
009B4D,PAL_26,
009B58,PAL_02,
009B64,PAL_27,
009B6F,PAL_28,
009B7A,PAL_08,
009B87,PAL_04,
009BAA,PAL_03,
009BB0,PAL_18,
009BC3,PAL_13,
009BD6,PAL_15,
009BE9,PAL_16,
009BFC,PAL_17,
009C11,PAL_19,
009C24,PAL_1a,
009C37,PAL_1b,
009C4A,PAL_1c,
009C5D,PAL_1d,
009C70,PAL_1e,
009C93,PAL_1f,
009CB6,PAL_2a,
009CC9,PAL_2b,
009CDC,PAL_2d,
009CEF,PAL_2c,
009D02,PAL_2e,
009D15,PAL_2f,
009D28,PAL_31,
009D3B,PAL_30,
009D74,PAL_21,
009D8F,PAL_23,
00A14D,loadPointerScreenLoad,
00A155,PPUdestLargeLayout,
00A15D,RLE_namScreenIndex,
00A16A,RLE_namScreenAtri,
00A16E,RLE_namScreenMapping_5105,
00A5B7,gameState8_states,
00A5D6,gameState8_substate0,
00A5F3,gameState8_substate1,
00A63F,screensCHR_Data,
00A645,gameState8_substate2,
00A657,gameState8_substate3,
00A69C,gameStat08_2f4,
00A69D,gameStat08_2f5,
00A69E,gameStat08_2f6,
00A69F,gameStat08_782,
00A6B1,gameState8_substate4,
00A6D5,posXData,
00A6D6,posYData,
00A715,moreProgrData_783,
00A716,moreProgrData_784,
00A717,moreProgrData_785,
00A718,moreProgrData_786,
00A719,moreProgrData_787,
00A724,gameState8_substate5,
00A7AA,AndMoreProgData_00,
00A7AD,AndMoreProgData_78d,
00A7AE,AndMoreProgData_78c,
00A826,progre_pathSpriteMap_00,
00A832,showSelectionSpriteFlag,
00A84A,progre_pathSpriteMap_01,
00A8CB,gameState8_substate6,
00A910,gameState8_substate7,
00A94B,gameState8_substate8,
00A9A5,progressionPointerTable,
00A9AB,goClockTower,
00A9B1,goWoods,
00A9B4,goSymphaOrAlucard,
00A9BA,goCryptOrWater,
00A9C0,gameState8_substate9,
00A9EA,gameState8_substate10,
00AA04,gameState8_substateEmpty,
00AADA,playPosSpdScreen,
00AAE0,progressionPathSelecter,
00AE31,onceAgainPointers,
00C000,commonDPCMdata00,
00FFE4,Native_COP,
00FFE6,Native_BRK,
00FFEA,Native_NMI,
00FFF4,Native_IRQ,
00FFFE,Emulation_RESET,
018000,bank_82,
018001,orbCollectedRoutine,
018007,orbCollSub,
018027,orbCollect_00,
018038,orbCollect_03,
018048,orbCollect_0d,
018080,orbCollect_04,
018087,orbCollect_05,
0180C3,orbCollect_07,
0180EA,orbCollect_09,
0180F8,orbCollect_0a,
018116,progressionEventSelecter,
018191,orbCollect_0e,
018277,orbCollect_0f,
018294,orbFriends_01,
01838A,orbCollect_01,
0183D5,orbFriends_02,
018464,orbFriends_03,
01890C,pointerPointJumper,
018929,pointerPointTable00,
01892A,pointerPointTable01,
018A26,textGroups,
018A42,textPointersGrant_00,
018A4A,textPointersGrant_01,
018A52,textPointert_02,
018A5A,textPointert_03,
018A62,textPointert_04,
018A6A,textPointert_05,
018A72,textPointert_06,
018A7A,textPointert_07,
018A82,textPointert_08,
018A8A,textPointert_09,
018A92,textPointert_0a,
018A9A,textPointert_0b,
018AA2,textPointert_0c,
018AAA,textPointert_0d,
018AB2,textDataGrant_00,
018AC4,textDataGrant_01,
018AD4,textDataGrant_02,
018C0A,textDataSympha_00,
019296,getHelperScreenUpdatesIndex,
01929E,getHelperScreenUpdatesData,
0192B1,getHelperSymphaUpdates,
019D93,symphaScreenUpdateStatue,
019DAA,screenClearUpdate00,
019F31,irq_dataLo,
019F32,irq_dataHi,
019F8D,chrAnimRoutine,
019FB9,resetCHRanim,
019FBD,gearCHRanimPointerLo,
019FBE,gearCHRanimPointerHi,
019FC1,gearCHRanim00,
019FC6,gearCHRanim01,
01A0BC,IRQ_routine_01,
01A825,generalLoadTable00,
01A89B,endGenerelLoad,
01A89F,generalLoadTable01,
01A8B5,generalLoadTable02,
01A8C4,generalLoadTable03,
01A8D2,generalLoadTable04,
01A8DD,generalLoadTable05,
01A8EB,generalLoadTable06,
01A8F9,generalLoadTable07,
01A91B,generalLoadTable08,
01A945,generalLoadTable09,
01A962,generalLoadTable0a,
01A979,generalLoadTable0b,
01A984,generalLoadTable0c,
01A98F,generalLoadTable0d,
01A9CE,generalLoadTable0e,
01A9D9,generalLoadTable0f,
01AA0E,generalLoadTable10,
01AA11,generalLoadTable11,
01AA40,generalLoadTable12,
01AA4E,generalLoadTable13,
01AA51,generalLoadTable14,
01AA6F,generalLoadTable15,
01AA94,generalLoadTable16,
01AAC6,generalLoadTable17,
01AAC9,generalLoadTable18,
01AAE5,generalLoadTable19,
01AAF1,generalLoadTable1a,
01AAFC,generalLoadTable1b,
01AB13,generalLoadTable1c,
01AB22,generalLoadTable1d,
01AB40,generalLoadTable1e,
01AB52,generalLoadTable1f,
01AB65,generalLoadTable20,
01B9A6,RLE_tilemap_0c_nameScreen,
028000,bank_84,
02B570,RLE_tilemap_01_titleScreen,
02B6CA,titleLighningPalette,
02B7DD,titlePatternTablePo,
02B8B9,someLoadDataTitle_00,
02B995,titleScreenLoad_00,
02BB1A,framelinesIntroText,
038000,bank_86,
03851A,bossInitRoutine,
048000,bank_88,
04BAD4,RLE_tilemap_0b_prayerScreen,
058000,bank_8a,
05B839,RLE_tilemap_mapX0_0e,
05B9FA,RLE_tilemap_mapX2_08,
05BA5C,RLE_tilemap_mapX3_09,
05BA68,RLE_tilemap_mapX1_07,
05BBBC,RLE_tilemap_mapX4_0a,
068000,bank_8c,
078000,bank_8e,
088000,bank_90,
098000,bank_92,
0A8000,bank_94,
0A8527,enemySpawnerIDPointerTableLo,
0A8528,enemySpawnerIDPointerTableHi,
0A85D3,emptySpawner,
0A85D7,zombieSlowRateSpawnerPointer,
0A8629,zombieSpawnFromGroundSpawnPointer,
0A862D,zombieGroundSpawn00,
0A864B,zombieGroundSpawn01,
0A86BF,fishManSpawnPointer_12,
0A86C9,fishManSpawn00,
0A86EF,fishManSpawn01,
0A8878,medusaHeadSpawnPointer,
0A887C,medusaHeadSpawn00,
0A8884,medusaHeadSpawn01,
0A8948,sporeSpawnerPointer,
0A8952,sporeSpawner01,
0A8957,sporeSpawner00,
0A8970,batFlyingSpawnPointer_0c,
0A8974,batFlyingSpawn00,
0A897A,batFlyingSpawn01,
0A8A13,wingedDeamonSpawnPointer,
0A8A17,wingedDeamonSpawn00,
0A8A1D,wingedDeamonSpawn01,
0A8A54,mummySpwan01,
0A8A5F,mummySpwanPointer_1a,
0A8A63,mummySpwan00,
0A8AAD,ghostSpawnerPointer_18,
0A8AEF,fuzzySpawnPointer,
0A8AF5,fuzzySpawn00,
0A8B15,emptySpawner05,
0A8B16,swordSkelletonSpawnPointer_11,
0A8B1C,swordSkelleton00,
0A8B2C,axeKnightSpawnerPointer,
0A8B32,axeKnightSpawner00,
0A8B61,hunchbackSpawnPointer_0a,
0A8B67,hunchbackSpawn00,
0A8BAB,redSkelletonSpawnPointer_13,
0A8BB1,redSkelletonSpawn00,
0A8BF8,emptySpawn01,
0A8BF9,CrowAndEyeSpawnPointer_10,
0A8BFF,crowSpawn00,
0A8C0F,spiderSpawnPointer,
0A8C15,spiderSpawn00,
0A8C35,spiderSpawn01,
0A8C4C,spiderSpawn02,
0A8C57,bonePillarSpawn01,
0A8C5C,axeKnightSpawner01,
0A8C65,sporeGroundSpawnPointer,
0A8C6B,sporeGroundSpawn00,
0A8C76,bonePillarSpawnPointer,
0A8C7C,bonePillarSpawn00,
0A8C9C,bonePiller2ShotSpawnerPointer,
0A8CA2,bonePiller2ShotSpawne00,
0A8CB2,batSleepSpawnPointer_0d,
0A8CB8,batSleepSpawn00,
0A8ED1,bossSpawnPointer,
0A8ED7,bossSpawn00,
0A8EEB,bossSpawn01,
0A8F15,emptySpawnClose,
0A8F16,lightningSpawn01,
0A8FFC,bossBoneDragonKingSpawnPointer,
0A9002,bossAlucardSpawner00,
0A901C,bossBoneDragonKing01,
0A909F,emptySpawner03,
0A90A0,bossWaterDragonSpawnPointer,
0A90A6,bossWaterDragonSpawn01,
0A90DD,bossMedusaSpawnPointer,
0A90E3,bossMedusaSpawn01,
0A9141,emptySpawner04,
0A914A,bossAlucardSpawnerPointer,
0A9150,bossAlucardSpawner01,
0A91AB,lightningSpawnPointer09,
0A91AF,lightningSpawnPointer08,
0A91B3,lightningSpawnFF,
0A91CD,lightningSpawn00,
0A921D,lightningSpawnPointer0a,
0A9221,lighningSpawn03,
0A9282,spawnerEntityAI_Idxes,
0A92DA,spawnerEntityObject_Idxes,
0A937F,roomEntityDataAddresses,
0A939D,group0,
0A93A5,group1,
0A93B1,group2,
0A93BB,group3,
0A93C5,group4,
0A93CB,group5,
0A93D3,group6,
0A93D9,group7,
0A93E7,group8,
0A949B,roomEnities,
0AA644,luminaryMetadataPointer,
0AB11C,gameStateC_substate00,
0AB135,gameStateC_substate01,
0AB157,gameStateC_substate02,
0AB160,gameStateC_substate03,
0AB1BD,gameStateC_substate04,
0AB1EF,gameStateC_substate05,
0AB21A,gameStateC_incSubstate,
0AB21D,gameStateC_substate06,
0AB26C,gameStateC_substate07,
0AB29E,gameStateC_783_00,
0AB2A7,gameStateC_inc783_setTimerA,
0AB2B3,gameStateC_animateAndnext_783_afterTimer,
0AB2B8,gameStateC_next_783_afterTimer,
0AB2C1,gameStateC_783_03,
0AB2CD,gameStateC_783_05,
0AB31B,gameStateC_substate0a,
0AB3D5,gameStateC_substate0c,
0AB3ED,gameStateC_substate0d,
0AB3F5,gameStateC_substate0e,
0AB42D,gameStateC_substate0f,
0AB457,gameStateC_substate10,
0AB466,gameStateC_substate11,
0AB4A4,gameStateC_substate12,
0AB4AC,gameStateC_substate13,
0AB4CA,gameStateC_substate14,
0AB4E3,gameStateC_substate09,
0AB616,coreLoadingFuncs,
0AB64C,gameStateD_set6bTo0,
0AB65F,gameStateD_setB4wordTo100h,
0AB6D5,gameStateD_substate0,
0AB7EE,gameStateD_substate2_process6bh,
0AB809,gameStateD_6b_0,
0ABA9A,RLE_tilemap_10_ending02,
0ABDFA,RLE_tilemap_10_ending00,
0B8000,bank_96,
0B8439,someMoreData,
0B8465,startYforSinusoidalMovement,
0B846D,startYforSinusoidalMovementSecondQuest,
0B8475,difficultyModeOffsetsForAbove,
0BA40B,entityScripts_60,
0BA538,entityScripts_6b,
0BA544,entityScripts_6c,
0BA550,entityScripts_2c,
0BA560,entityScripts_2d,
0BA56C,entityScripts_2e,
0BA578,entityScripts_61,
0BA57C,entityScripts_64,
0BA58C,entityScripts_6f,
0BA59C,entityScripts_01,
0BA5A8,entityScripts_24,
0BA5B8,entityScripts_70,
0BA5C4,entityScripts_02,
0BA618,entityScripts_07,
0BA62C,entityScripts_6d,
0BA640,entityScripts_1e,
0BA670,entityScripts_12,
0BA694,entityScripts_2f,
0BA6B8,entityScripts_69,
0BA6EC,entityScripts_0e,
0BA71C,entityScripts_05,
0BA728,entityScripts_66,
0BA73C,entityScripts_06,
0BA758,entityScripts_6e,
0BA76C,entityScripts_63,
0BA7FC,entityScripts_65,
0BA82C,entityScripts_11,
0BA84C,entityScripts_2b,
0BA860,entityScripts_71,
0BA89C,entityScripts_68,
0BA8D4,entityScripts_08,
0BA8F8,entityScripts_13,
0BA910,entityScripts_09,
0BA940,entityScripts_17,
0BA994,entityScripts_21,
0BAA10,entityScripts_0a,
0BAA48,entityScripts_0b,
0BAA84,entityScripts_0c,
0BAAA0,entityScripts_22,
0BAAA8,entityScripts_23,
0BAABC,entityScripts_20,
0BAAD0,entityScripts_0d,
0BAADC,entityScripts_03,
0BAAF4,entityScripts_0f,
0BAB68,entityScripts_10,
0BABB0,entityScripts_1c,
0BABF8,entityScripts_6a,
0BAC50,entityScripts_14,
0BACEC,entityScripts_27,
0BAD48,entityScripts_29,
0BADF8,entityScripts_28,
0BAE08,entityScripts_25,
0BAE58,entityScripts_26,
0BAF0C,entityScripts_1d,
0BAF50,entityScripts_16,
0BAF90,entityScripts_30,
0BAF9C,entityScripts_31,
0BAFA8,entityScripts_32,
0BAFB4,entityScripts_58,
0BAFBC,entityScripts_59,
0BAFD0,entityScripts_5a,
0BAFD8,entityScripts_5b,
0BAFE0,entityScripts_5c,
0BAFEC,entityScripts_5d,
0BAFF8,entityScripts_18,
0BB00C,entityScripts_19,
0BB01C,entityScripts_1a,
0BB030,entityScripts_1b,
0BB040,entityScripts_2a,
0BB04C,entityScripts_67,
0BB050,entityScripts_62,
0BB05C,entityScripts_5e,
0BB06C,entityScripts_5f,
0BB088,entityScripts_4e,
0BB0A0,entityScripts_33,
0BB0B4,entityScripts_43,
0BB0D4,entityScripts_51,
0BB0D8,entityScripts_57,
0BB7A6,getCollisionTileValUsingOffsetPresets,
0BB7BD,data_17_17bd,
0BBF8B,entityPhaseFunc_19_stub,
0C8000,bank_98,
0C87E2,moreSoundSettings,
0CABA8,RLE_tilemap_map00_06,
0CAD7C,RLE_tilemap_0f_castleIntro,
0CB327,RLE_tilemap_0d_PWscreen,
0D8000,bank_9a,
0D8001,mainSpriteOAM,
0D823E,mainSpriteAssem,
0D825C,trevor_spriteAssembList_00,
0D82CC,sympha_spriteAssemb_01,
0D8324,grantSpriteAssembList_02,
0D8378,alucardSpriteAssemb_03,
0D83BE,player_spriteAssemb_00,
0D83C7,trevorSpriteAssemb_68,
0D83D2,trevorSpriteAssemb_6A,
0D83E0,trevorSpriteAssemb_6C,
0D83EB,trevorSpriteAssemb_6E,
0D83F9,trevorSpriteAssemb_62,
0D8402,trevorSpriteAssemb_02,
0D8410,trevorSpriteAssemb_04,
0D841B,trevorSpriteAssemb_06,
0D8429,trevorSpriteAssemb_0A,
0D8437,trevorSpriteAssemb_0C,
0D8445,trevorSpriteAssemb_16,
0D8453,trevorSpriteAssemb_0E,
0D8461,trevorSpriteAssemb_18,
0D846F,trevorSpriteAssemb_1A,
0D847D,trevorSpriteAssemb_1C,
0D848E,trevorSpriteAssemb_1E,
0D849F,trevorSpriteAssemb_20,
0D84AD,trevorSpriteAssemb_22,
0D84BE,trevorSpriteAssemb_34,
0D84CF,trevorSpriteAssemb_36,
0D84DD,trevorSpriteAssemb_38,
0D84EE,trevorSpriteAssemb_3A,
0D84FF,trevorSpriteAssemb_3C,
0D850D,trevorSpriteAssemb_3E,
0D851E,trevorSpriteAssemb_10,
0D852C,trevorSpriteAssemb_12,
0D853A,trevorSpriteAssemb_14,
0D8548,trevorSpriteAssemb_24,
0D8550,trevorSpriteAssemb_26,
0D8558,trevorSpriteAssemb_28,
0D8563,trevorSpriteAssemb_2A,
0D856B,trevorSpriteAssemb_2C,
0D8573,trevorSpriteAssemb_2E,
0D857B,trevorSpriteAssemb_30,
0D8586,trevorSpriteAssemb_32,
0D8597,trevorSpriteAssemb_40,
0D85A0,trevorSpriteAssemb_42,
0D85A8,trevorSpriteAssemb_44,
0D85B0,trevorSpriteAssemb_46,
0D85B8,trevorSpriteAssemb_48,
0D85C0,trevorSpriteAssemb_4A,
0D85C8,trevorSpriteAssemb_4C,
0D85D0,trevorSpriteAssemb_4E,
0D85D8,trevorSpriteAssemb_64,
0D85DD,trevorSpriteAssemb_50,
0D85E5,trevorSpriteAssemb_52,
0D85EA,trevorSpriteAssemb_54,
0D85F2,trevorSpriteAssemb_5E,
0D85FB,trevorSpriteAssemb_60,
0D8604,sympha_SpriteAssemb_02,
0D8612,sympha_SpriteAssemb_04,
0D8620,sympha_SpriteAssemb_06,
0D862E,sympha_SpriteAssemb_0A,
0D863C,sympha_SpriteAssemb_0C,
0D864A,sympha_SpriteAssemb_16,
0D8658,sympha_SpriteAssemb_0E,
0D8666,sympha_SpriteAssemb_10,
0D8674,sympha_SpriteAssemb_12,
0D8682,sympha_SpriteAssemb_14,
0D8690,sympha_SpriteAssemb_18,
0D869E,sympha_SpriteAssemb_1A,
0D86AC,sympha_SpriteAssemb_1C,
0D86BA,sympha_SpriteAssemb_1E,
0D86C8,sympha_SpriteAssemb_24,
0D86D6,sympha_SpriteAssemb_26,
0D86E4,sympha_SpriteAssemb_28,
0D86F2,sympha_SpriteAssemb_2A,
0D8700,sympha_SpriteAssemb_20,
0D8705,sympha_SpriteAssemb_22,
0D870D,sympha_SpriteAssemb_2E,
0D871B,sympha_SpriteAssemb_30,
0D8729,sympha_SpriteAssemb_32,
0D8737,sympha_SpriteAssemb_2C,
0D8745,sympha_SpriteAssemb_34,
0D8756,sympha_SpriteAssemb_36,
0D8767,sympha_SpriteAssemb_38,
0D8778,sympha_SpriteAssemb_3A,
0D8789,sympha_SpriteAssemb_3C,
0D878E,sympha_SpriteAssemb_3E,
0D8799,sympha_SpriteAssemb_40,
0D87AA,sympha_SpriteAssemb_42,
0D87B8,sympha_SpriteAssemb_44,
0D87C0,sympha_SpriteAssemb_56,
0D87C8,sympha_SpriteAssemb_46,
0D87CD,sympha_SpriteAssemb_48,
0D87D6,sympha_SpriteAssemb_4A,
0D87DF,sympha_SpriteAssemb_4C,
0D87E8,sympha_SpriteAssemb_4E,
0D87F1,sympha_SpriteAssemb_50,
0D87FA,sympha_SpriteAssemb_52,
0D8802,sympha_SpriteAssemb_54,
0D880A,grant_spriteAssemb_00,
0D8818,grant_spriteAssemb_04,
0D8826,grant_spriteAssemb_48,
0D8834,grant_spriteAssemb_06,
0D8842,grant_spriteAssemb_0A,
0D8850,grant_spriteAssemb_0C,
0D885E,grant_spriteAssemb_16,
0D886C,grant_spriteAssemb_0E,
0D8874,grant_spriteAssemb_10,
0D8882,grant_spriteAssemb_12,
0D888A,grant_spriteAssemb_14,
0D8895,grant_spriteAssemb_18,
0D889D,grant_spriteAssemb_1A,
0D88AB,grant_spriteAssemb_1C,
0D88B6,grant_spriteAssemb_1E,
0D88BE,grant_spriteAssemb_20,
0D88C9,grant_spriteAssemb_22,
0D88D4,grant_spriteAssemb_24,
0D88E2,grant_spriteAssemb_26,
0D88F3,grant_spriteAssemb_2A,
0D8901,grant_spriteAssemb_2C,
0D8912,grant_spriteAssemb_2E,
0D8920,grant_spriteAssemb_30,
0D8931,grant_spriteAssemb_32,
0D893F,grant_spriteAssemb_34,
0D8950,grant_spriteAssemb_36,
0D8958,grant_spriteAssemb_38,
0D8966,grant_spriteAssemb_3A,
0D8971,grant_spriteAssemb_3C,
0D897C,grant_spriteAssemb_3E,
0D8987,grant_spriteAssemb_40,
0D8992,grant_spriteAssemb_42,
0D899D,grant_spriteAssemb_28,
0D89AB,grant_spriteAssemb_44,
0D89C0,grant_spriteAssemb_46,
0D89CE,grant_spriteAssemb_4A,
0D89E3,grant_spriteAssemb_4C,
0D89F1,grant_spriteAssemb_4E,
0D8A06,grant_spriteAssemb_50,
0D8A14,grant_spriteAssemb_52,
0D8A29,alucard_spriteAssemb_01,
0D8A3A,alucard_spriteAssemb_04,
0D8A4B,alucard_spriteAssemb_06,
0D8A5C,alucard_spriteAssemb_0A,
0D8A6D,alucard_spriteAssemb_0C,
0D8A7E,alucard_spriteAssemb_18,
0D8A8F,alucard_spriteAssemb_1A,
0D8AA9,alucard_spriteAssemb_1C,
0D8AC0,alucard_spriteAssemb_16,
0D8ACE,alucard_spriteAssemb_0E,
0D8ADC,alucard_spriteAssemb_1E,
0D8AEA,alucard_spriteAssemb_20,
0D8B01,alucard_spriteAssemb_22,
0D8B15,alucard_spriteAssemb_10,
0D8B23,alucard_spriteAssemb_12,
0D8B31,alucard_spriteAssemb_14,
0D8B3F,alucard_spriteAssemb_24,
0D8B47,alucard_spriteAssemb_26,
0D8B4F,alucard_spriteAssemb_28,
0D8B57,alucard_spriteAssemb_2A,
0D8B6B,alucard_spriteAssemb_2C,
0D8B82,alucard_spriteAssemb_2E,
0D8B90,alucard_spriteAssemb_30,
0D8B9E,alucard_spriteAssemb_32,
0D8BBA,alucard_spriteAssemb_34,
0D8BD6,alucard_spriteAssemb_40,
0D8BDB,alucard_spriteAssemb_42,
0D8BE0,alucard_spriteAssemb_44,
0D8BE9,enemySpriteAssembList_04,
0D8CE9,enemyAssembList_09,
0D8D67,enemy_spriteAssemb_FE,
0D8D7E,sprAssembZombie00,
0D8D8C,sprAssembZombie04,
0D8D9A,sprAssembZombieAppear06,
0D8DA3,sprAssembZombieAppear08,
0D8DB9,sprAssembBird0c,
0D8DC1,sprAssembBird10,
0D8DCF,sprAssembBirdSit12,
0D8E03,enemy_spriteAssemb_14,
0D8E08,enemy_spriteAssemb_16,
0D8E0D,enemy_spriteAssemb_18,
0D8E15,enemy_spriteAssemb_1A,
0D8E1D,enemy_spriteAssemb_1C,
0D8E25,enemy_spriteAssemb_1E,
0D8E2E,enemy_spriteAssemb_20,
0D8E36,enemy_spriteAssemb_22,
0D8E3E,enemy_spriteAssemb_24,
0D8E46,enemy_spriteAssemb_CE,
0D8E4E,enemy_spriteAssemb_D0,
0D8E56,enemy_spriteAssemb_D2,
0D8E5E,enemy_spriteAssemb_D4,
0D8E66,enemy_spriteAssemb_28,
0D8E6E,enemy_spriteAssemb_2A,
0D8E86,enemy_spriteAssemb_7E,
0D8E8E,enemy_spriteAssemb_80,
0D8E96,enemy_spriteAssemb_2C,
0D8EA7,enemy_spriteAssemb_2E,
0D8EB8,enemy_spriteAssemb_30,
0D8ED3,enemy_spriteAssemb_32,
0D8EE7,enemy_spriteAssemb_52,
0D8F05,enemy_spriteAssemb_54,
0D8F19,enemy_spriteAssemb_34,
0D8F27,enemy_spriteAssemb_36,
0D8F35,enemy_spriteAssemb_B4,
0D8F46,enemy_spriteAssemb_B6,
0D8F5A,enemy_spriteAssemb_F0,
0D8F71,enemy_spriteAssemb_3E,
0D8F80,enemy_spriteAssemb_40,
0D8F8F,enemy_spriteAssemb_42,
0D8F9D,enemy_spriteAssemb_44,
0D8FAB,enemy_spriteAssemb_46,
0D8FBC,enemy_spriteAssemb_48,
0D8FCA,enemy_spriteAssemb_4A,
0D8FEE,enemy_spriteAssemb_4C,
0D8FF6,enemy_spriteAssemb_4E,
0D9068,enemy_spriteAssemb_58,
0D9070,enemy_spriteAssemb_5A,
0D9078,enemy_spriteAssemb_5C,
0D9080,enemy_spriteAssemb_5E,
0D9088,enemy_spriteAssemb_60,
0D908D,enemy_spriteAssemb_62,
0D9095,enemy_spriteAssemb_64,
0D909D,enemy_spriteAssemb_66,
0D90A5,enemy_spriteAssemb_38,
0D90AD,enemy_spriteAssemb_3A,
0D90B5,enemy_spriteAssemb_3C,
0D90BD,enemy_spriteAssemb_68,
0D90CE,enemy_spriteAssemb_6A,
0D90DF,enemy_spriteAssemb_6C,
0D90F0,enemy_spriteAssemb_70,
0D90FE,enemy_spriteAssemb_72,
0D9106,enemy_spriteAssemb_74,
0D9123,enemy_spriteAssemb_76,
0D9140,enemy_spriteAssemb_78,
0D915C,enemy_spriteAssemb_7A,
0D9177,enemy_spriteAssemb_7C,
0D918D,enemy_spriteAssemb_B0,
0D9195,enemy_spriteAssemb_B2,
0D919E,enemy_spriteAssemb_8C,
0D91B8,enemy_spriteAssemb_8E,
0D91D2,enemy_spriteAssemb_92,
0D91E0,enemy_spriteAssemb_94,
0D91EE,enemy_spriteAssemb_96,
0D91FF,enemy_spriteAssemb_98,
0D920D,enemy_spriteAssemb_9A,
0D921E,enemy_spriteAssemb_9C,
0D922D,enemy_spriteAssemb_9E,
0D9235,enemy_spriteAssemb_A0,
0D923D,enemy_spriteAssemb_A2,
0D9245,enemy_spriteAssemb_A4,
0D924A,enemy_spriteAssemb_A6,
0D9252,enemy_spriteAssemb_A8,
0D9269,enemy_spriteAssemb_AA,
0D9281,enemy_spriteAssemb_AC,
0D9295,enemy_spriteAssemb_EE,
0D92B2,enemy_spriteAssemb_B8,
0D92C4,enemy_spriteAssemb_BA,
0D92D6,enemy_spriteAssemb_F2,
0D92EB,enemy_spriteAssemb_F4,
0D9309,enemy_spriteAssemb_F6,
0D9327,enemy_spriteAssemb_F8,
0D9345,enemy_spriteAssemb_BC,
0D9356,enemy_spriteAssemb_BE,
0D9367,enemy_spriteAssemb_C0,
0D936C,enemy_spriteAssemb_C2,
0D9375,enemy_spriteAssemb_C4,
0D9382,enemy_spriteAssemb_C6,
0D9393,enemy_spriteAssemb_C8,
0D93A8,enemy_spriteAssemb_D8,
0D93C1,enemy_spriteAssemb_CA,
0D93C6,enemy_spriteAssemb_CC,
0D93CB,trevorSpriteAssemb_56,
0D93D0,trevorSpriteAssemb_58,
0D93D5,trevorSpriteAssemb_5A,
0D9455,enemy_spriteAssemb_DE,
0D9462,enemy_spriteAssemb_E0,
0D946E,enemy_spriteAssemb_E2,
0D947E,enemy_spriteAssemb_E4,
0D948E,enemy_spriteAssemb_E6,
0D9497,enemy_spriteAssemb_E8,
0D94A0,enemy_spriteAssemb_DA,
0D94A5,enemy_spriteAssemb_DC,
0D94AA,enemy_spriteAssemb_EA,
0D94B6,enemy_spriteAssemb_EC,
0D9517,enemy_spriteAssemb_FA,
0D9529,enemy_spriteAssemb_FC,
0D96A2,bossAssembPointer05,
0D9782,boss2_spriteAssemb_00,
0D97A9,boss2_spriteAssemb_04,
0D97CA,boss2_spriteAssemb_06,
0D97EE,boss2_spriteAssemb_0A,
0D9815,boss2_spriteAssemb_0C,
0D9836,boss2_spriteAssemb_0E,
0D9860,boss2_spriteAssemb_10,
0D9881,boss2_spriteAssemb_12,
0D9889,boss2_spriteAssemb_14,
0D988E,boss2_spriteAssemb_16,
0D9896,boss2_spriteAssemb_18,
0D98B7,boss2_spriteAssemb_1A,
0D98D8,boss2_spriteAssemb_1C,
0D98FC,boss2_spriteAssemb_20,
0D9920,boss2_spriteAssemb_22,
0D9944,boss2_spriteAssemb_24,
0D9961,boss2_spriteAssemb_26,
0D996F,boss2_spriteAssemb_28,
0D9978,boss2_spriteAssemb_2E,
0D99D8,miscSpriteAssemb_10,
0D99F3,boss2_spriteAssemb_3A,
0D9A07,boss2_spriteAssemb_3C,
0D9A1B,boss2_spriteAssemb_3E,
0D9A2F,boss2_spriteAssemb_40,
0D9A43,boss2_spriteAssemb_42,
0D9A57,boss2_spriteAssemb_44,
0D9A6E,boss2_spriteAssemb_46,
0D9A82,boss2_spriteAssemb_48,
0D9A96,boss2_spriteAssemb_4A,
0D9AA7,boss2_spriteAssemb_4C,
0D9AAF,boss2_spriteAssemb_4E,
0D9AB7,boss2_spriteAssemb_50,
0D9ABF,boss2_spriteAssemb_52,
0D9AC7,boss2_spriteAssemb_54,
0D9ACF,boss2_spriteAssemb_94,
0D9ADD,boss2_spriteAssemb_96,
0D9AE8,boss2_spriteAssemb_98,
0D9AF0,boss2_spriteAssemb_56,
0D9B17,boss2_spriteAssemb_58,
0D9B31,boss2_spriteAssemb_5A,
0D9B48,boss2_spriteAssemb_5C,
0D9B5F,boss2_spriteAssemb_5E,
0D9B6A,boss2_spriteAssemb_60,
0D9B78,boss2_spriteAssemb_62,
0D9B80,boss2_spriteAssemb_64,
0D9B88,boss2_spriteAssemb_66,
0D9B96,boss2_spriteAssemb_68,
0D9BBD,boss2_spriteAssemb_6A,
0D9BD7,boss2_spriteAssemb_6C,
0D9BDC,boss2_spriteAssemb_6E,
0D9BF6,boss2_spriteAssemb_70,
0D9C17,boss2_spriteAssemb_72,
0D9C45,boss2_spriteAssemb_74,
0D9C66,boss2_spriteAssemb_76,
0D9C87,boss2_spriteAssemb_78,
0D9CB1,boss2_spriteAssemb_7A,
0D9CBD,boss2_spriteAssemb_7C,
0D9CC6,boss2_spriteAssemb_7E,
0D9CCE,boss2_spriteAssemb_80,
0D9CD6,boss2_spriteAssemb_82,
0D9CDE,boss2_spriteAssemb_84,
0D9CFB,boss2_spriteAssemb_86,
0D9D15,boss2_spriteAssemb_88,
0D9D26,boss2_spriteAssemb_8A,
0D9D37,boss2_spriteAssemb_8C,
0D9D45,boss2_spriteAssemb_8E,
0D9D53,boss2_spriteAssemb_90,
0D9D61,boss2_spriteAssemb_92,
0D9D6F,boss2_spriteAssemb_9A,
0D9D7D,boss2_spriteAssemb_9C,
0D9D88,boss2_spriteAssemb_9E,
0D9D93,boss2_spriteAssemb_A0,
0D9DA1,boss2_spriteAssemb_A2,
0D9DAF,boss2_spriteAssemb_A4,
0D9DB7,boss2_spriteAssemb_A6,
0D9DBF,boss2_spriteAssemb_A8,
0D9DC4,boss2_spriteAssemb_AA,
0D9DCC,boss2_spriteAssemb_AC,
0D9DD4,boss2_spriteAssemb_AE,
0D9DD9,boss2_spriteAssemb_B0,
0D9DDE,boss2_spriteAssemb_B2,
0D9DE3,boss2_spriteAssemb_B4,
0D9DE8,boss2_spriteAssemb_B6,
0D9DED,boss2_spriteAssemb_B8,
0D9DF2,boss2_spriteAssemb_BA,
0D9DFB,boss2_spriteAssemb_BC,
0D9E1A,boss2_spriteAssemb_BE,
0D9E31,boss2_spriteAssemb_C0,
0D9E40,boss2_spriteAssemb_C2,
0D9E4F,boss2_spriteAssemb_C4,
0D9E75,boss2_spriteAssemb_C6,
0D9E95,boss2_spriteAssemb_C8,
0D9EBB,boss2_spriteAssemb_CC,
0D9EE1,boss2_spriteAssemb_CE,
0D9F0A,boss2_spriteAssemb_D0,
0D9F30,boss2_spriteAssemb_D2,
0D9F56,boss2_spriteAssemb_D4,
0D9F82,boss2_spriteAssemb_D6,
0D9F9F,boss2_spriteAssemb_D8,
0D9FB3,boss2_spriteAssemb_DA,
0D93DA,enemy_09_spriteAssemb_00,
0D93E3,enemy_09_spriteAssemb_02,
0D93EC,enemy_09_spriteAssemb_04,
0D93FD,enemy_09_spriteAssemb_06,
0D9419,enemy_09_spriteAssemb_08,
0D9430,enemy_09_spriteAssemb_0A,
0D9441,enemy_09_spriteAssemb_0C,
0D94C2,enemy_09_spriteAssemb_0E,
0D94CD,enemy_09_spriteAssemb_10,
0D94E1,enemy_09_spriteAssemb_12,
0D94EC,enemy_09_spriteAssemb_14,
0D9541,enemy_09_spriteAssemb_16,
0D954F,enemy_09_spriteAssemb_18,
0D955D,enemy_09_spriteAssemb_1A,
0D956B,enemy_09_spriteAssemb_1C,
0D9574,enemy_09_spriteAssemb_1E,
0D8FD8,enemy_09_spriteAssemb_20,
0D8FE3,enemy_09_spriteAssemb_22,
0D957C,enemy_09_spriteAssemb_24,
0D958D,enemy_09_spriteAssemb_26,
0D959E,enemy_09_spriteAssemb_28,
0D95AF,enemy_09_spriteAssemb_2A,
0D95B4,enemy_09_spriteAssemb_2C,
0D95B9,enemy_09_spriteAssemb_2E,
0D95BE,enemy_09_spriteAssemb_30,
0D95CC,enemy_09_spriteAssemb_32,
0D95DA,enemy_09_spriteAssemb_34,
0D8FFE,enemy_09_spriteAssemb_36,
0D9006,enemy_09_spriteAssemb_38,
0D901E,enemy_09_spriteAssemb_3A,
0D902E,enemy_09_spriteAssemb_3C,
0D903E,enemy_09_spriteAssemb_3E,
0D9048,enemy_09_spriteAssemb_40,
0D9058,enemy_09_spriteAssemb_42,
0D900E,enemy_09_spriteAssemb_44,
0D9016,enemy_09_spriteAssemb_46,
0D9026,enemy_09_spriteAssemb_48,
0D9036,enemy_09_spriteAssemb_4A,
0D9043,enemy_09_spriteAssemb_4C,
0D9050,enemy_09_spriteAssemb_4E,
0D9060,enemy_09_spriteAssemb_50,
0D9612,enemy_09_spriteAssemb_52,
0D961A,enemy_09_spriteAssemb_54,
0D95E8,enemy_09_spriteAssemb_56,
0D95F6,enemy_09_spriteAssemb_58,
0D9604,enemy_09_spriteAssemb_5A,
0D94FD,enemy_09_spriteAssemb_5C,
0D9508,enemy_09_spriteAssemb_5E,
0D9622,enemy_09_spriteAssemb_60,
0D962A,enemy_09_spriteAssemb_62,
0D8DD7,enemy_09_spriteAssemb_64,
0D8DE5,enemy_09_spriteAssemb_66,
0D8DED,enemy_09_spriteAssemb_68,
0D8DE5,enemy_09_spriteAssemb_6A,
0D8DFB,enemy_09_spriteAssemb_6C,
0D9632,enemy_09_spriteAssemb_6E,
0D9650,enemy_09_spriteAssemb_70,
0D9671,enemy_09_spriteAssemb_72,
0D9688,enemy_09_spriteAssemb_74,
0D8E76,enemy_09_spriteAssemb_76,
0D8E7E,enemy_09_spriteAssemb_78,
0D9FD6,miscSpriteList_08,
0DA0D6,miscSpriteAssemb_00,
0DA0DE,miscSpriteAssemb_02,
0DA104,miscSpriteAssemb_12,
0DA112,miscSpriteAssemb_14,
0DA120,miscSpriteAssemb_16,
0DA12E,miscSpriteAssemb_18,
0DA13F,miscSpriteAssemb_1A,
0DA147,miscSpriteAssemb_1C,
0DA14F,miscSpriteAssemb_24,
0DA15D,miscSpriteAssemb_26,
0DA171,miscSpriteAssemb_28,
0DA18B,miscSpriteAssemb_2A,
0DA1AB,miscSpriteAssemb_2C,
0DA1C8,miscSpriteAssemb_2E,
0DA1E5,miscSpriteAssemb_30,
0DA202,miscSpriteAssemb_32,
0DA225,miscSpriteAssemb_34,
0DA248,miscSpriteAssemb_36,
0DA26B,miscSpriteAssemb_38,
0DA291,miscSpriteAssemb_3A,
0DA2B7,miscSpriteAssemb_3C,
0DA2DD,miscSpriteAssemb_3E,
0DA2FB,miscSpriteAssemb_40,
0DA306,miscSpriteAssemb_42,
0DA311,miscSpriteAssemb_44,
0DA320,miscSpriteAssemb_46,
0DA335,miscSpriteAssemb_48,
0DA350,miscSpriteAssemb_4A,
0DA35B,miscSpriteAssemb_4C,
0DA363,miscSpriteAssemb_4E,
0DA368,miscSpriteAssemb_50,
0DA36D,miscSpriteAssemb_52,
0DA376,miscSpriteAssemb_54,
0DA388,miscSpriteAssemb_56,
0DA3A3,miscSpriteAssemb_58,
0DA3BE,miscSpriteAssemb_5A,
0DA3D5,miscSpriteAssemb_5C,
0DA3EC,miscSpriteAssemb_5E,
0DA40D,miscSpriteAssemb_60,
0DA431,miscSpriteAssemb_62,
0DA44E,miscSpriteAssemb_64,
0DA46B,miscSpriteAssemb_66,
0DA488,miscSpriteAssemb_68,
0DA4C9,miscSpriteAssemb_6A,
0DA4FE,miscSpriteAssemb_6C,
0DA530,miscSpriteAssemb_70,
0DA571,miscSpriteAssemb_AA,
0DA59A,miscSpriteAssemb_72,
0DA5A2,miscSpriteAssemb_74,
0DA5AE,miscSpriteAssemb_76,
0DA5BA,miscSpriteAssemb_AC,
0DA5C6,miscSpriteAssemb_78,
0DA5CB,miscSpriteAssemb_7A,
0DA5DF,miscSpriteAssemb_7C,
0DA5F0,miscSpriteAssemb_7E,
0DA601,miscSpriteAssemb_80,
0DA618,miscSpriteAssemb_82,
0DA62C,miscSpriteAssemb_84,
0DA63A,miscSpriteAssemb_86,
0DA649,miscSpriteAssemb_88,
0DA651,miscSpriteAssemb_8A,
0DA65A,miscSpriteAssemb_8C,
0DA66C,miscSpriteAssemb_8E,
0DA687,miscSpriteAssemb_90,
0DA6A8,miscSpriteAssemb_92,
0DA6C9,miscSpriteAssemb_94,
0DA6F6,miscSpriteAssemb_96,
0DA6FE,miscSpriteAssemb_98,
0DA706,miscSpriteAssemb_9A,
0DA712,miscSpriteAssemb_9C,
0DA72B,miscSpriteAssemb_9E,
0DA74F,miscSpriteAssemb_A0,
0DA779,miscSpriteAssemb_A2,
0DA77E,miscSpriteAssemb_A4,
0DA786,miscSpriteAssemb_A6,
0DA791,miscSpriteAssemb_A8,
0DA79F,miscSpriteAssemb_AE,
0DA7D2,miscSpriteAssemb_B0,
0DA805,miscSpriteAssemb_B2,
0DA83E,miscSpriteAssemb_B4,
0DA871,miscSpriteAssemb_B6,
0DA8A6,miscSpriteAssemb_B8,
0DA8AE,miscSpriteAssemb_BA,
0DA8B6,miscSpriteAssemb_BC,
0DA8BE,miscSpriteAssemb_BE,
0DA8C6,miscSpriteAssemb_C0,
0DA8D1,miscSpriteAssemb_C2,
0DA8DC,miscSpriteAssemb_C4,
0DA8E7,miscSpriteAssemb_C6,
0DA8F2,miscSpriteAssemb_C8,
0DA8FD,miscSpriteAssemb_CA,
0DA908,miscSpriteAssemb_CC,
0DA916,miscSpriteAssemb_CE,
0DA924,miscSpriteAssemb_D0,
0DA932,miscSpriteAssemb_D2,
0DA941,miscSpriteAssemb_D4,
0DA950,miscSpriteAssemb_D6,
0DA955,miscSpriteAssemb_D8,
0DA95D,miscSpriteAssemb_DA,
0DA965,miscSpriteAssemb_DC,
0DA970,miscSpriteAssemb_DE,
0DA97C,miscSpriteAssemb_E0,
0DA981,miscSpriteAssemb_E2,
0DA989,miscSpriteAssemb_E4,
0DA992,miscSpriteAssemb_E6,
0DA99B,boss2_spriteAssemb_DE,
0DA9A0,miscSpriteAssemb_E8,
0DA9A5,miscSpriteAssemb_20,
0DA9AA,miscSpriteAssemb_EA,
0DA9AF,miscSpriteAssemb_22,
0DA9B4,miscSpriteAssemb_EC,
0DA9B9,boss2_spriteAssemb_DC,
0DA9BE,miscSpriteAssemb_EE,
0DA9C3,miscSpriteAssemb_1E,
0DA9C8,miscSpriteAssemb_F0,
0DA9CD,miscSpriteAssemb_F2,
0DA9D2,miscSpriteAssemb_F4,
0DA9D7,miscSpriteAssemb_F6,
0DA9DC,miscSpriteAssemb_F8,
0DA9E1,miscSpriteAssemb_FA,
0DA9E6,miscSpriteAssemb_FC,
0DA9EB,miscSpriteAssemb_FE,
0DABE7,bossAssembPointer06,
0DACE7,enemyAssemPointer0a,
0DAD53,doorETCAssembPointer07,
0E8000,bank_9c,
0E8632,data_yPos,
0E896E,subtractOneLife,
0E8A21,IRQ_stuff,
0E8ABC,clearPlayerVertSpeed,
0E8AC5,playerState00_init,
0E8ADA,charSpecGroups,
0E8C56,yPos_data01,
0E8CCA,yPosData03,
0FC000,commonDPCMdata01,
0FD067,coreLoad_03,
0FD772,RLE_tilemap_10_ending01,
0FE000,bank_9e,
0FE001,wait50cycles,
0FE00B,resetVector,
0FE018,waitVblanks,
0FE047,endResetLoop,
0FE053,NMIVectorStart,
0FE0DF,initMMC5_settings,
0FE11A,IRQVectorStart,
0FE167,initSoundAndFramCtr,
0FE172,initDispRegs,
0FE182,setPPU2_Load,
0FE227,initSound,
0FE2DA,setBank_c000_1E,
0FE2E0,backupPRGSwap,
0FE2E6,swapPRGbankStore,
0FE2E8,swapPRGbank,
0FE37B,gameState_1a_main,
0FE3A2,gameState_00_intro,
0FE421,gameState_01_empty,
0FE442,gameState_02_name_PW,
0FE454,gameState_03_loadMainGame,
0FE464,gameState_05_deathLoad,
0FE4B6,gameState_06_gameOver,
0FE51B,gameState_08_progressionScreen,
0FE543,gameState_07_lvlSelect,
0FE62F,titleScreenThunderMain,
0FE67F,restorePRG,
0FE828,clearZeroPage,
0FE82A,clearZeroPageOnStart,
0FE86D,jumpFromStackYXpreserved,
0FE899,updatePointerOffset_00,
0FEBD5,screenLoadRoutine01,
0FEBFD,setNameTableMapping_E4,
0FEC04,loadCompressedTilemap2GFX,
0FEC17,RLE_7f_setNewPointer,
0FEC2E,start_RLE_decompLoad,
0FEC43,RLE_unrol_Loop,
0FEC5A,RLE_unrole_Plus,
0FEC6C,RLE_7f_unrole,
0FEC74,endRLE_decomp,
0FEC77,compressScreenTilemapPointerLo,
0FEC78,compressScreenTilemapPointerHi,
0FEC9D,RLE_tilemap_00_clearScreen,
0FECE9,screenLoadRoutine,
0FECF7,screenLoadBank_00,
0FED03,alsoBank_00Load,
0FED66,end_RLE_decompRoutine,
0FF384,gameState_04_MainGame,
0FFBBA,coreLoad_00,
